Factory ID,Raw Material Cost (€),Labor Cost (€),Packaging (€),Distribution (€),Total Cost (€)
Factory 1,975.0,666.9230769230769,213.34615384615384,466.2307692307692,2321.5
Factory 2,1045.0,716.9230769230769,233.42307692307693,507.7692307692308,2503.1153846153848
Factory 3,875.0,606.9230769230769,198.5,437.7692307692308,2118.1923076923076
Factory 4,1175.0,766.9230769230769,253.42307692307693,527.7692307692307,2723.1153846153848
Factory 5,1025.0,686.9230769230769,223.42307692307693,467.7692307692308,2403.1153846153848
