Month,Revenue (€),Growth (%)
2023-01,152900,0.0
2023-02,158100,3.4009156311314515
2023-03,163300,3.28905755850728
2023-04,168700,3.306797305572573
2023-05,174100,3.2009484291642076
2023-06,179500,3.1016657093624334
2023-07,184900,3.0083565459610107
2023-08,190300,2.920497566252034
2023-09,195700,2.8376248029427176
2023-10,201100,2.75932549821154
2023-11,206500,2.6852312282446444
2023-12,211900,2.61501210653754
